repo	archive_folder	source_url	commit	last_active	visibility	sensitivity	final_action	captured_at
hello-service	2023-hello-service	https://github.com/aliwatters/hello-service	136b97ba86b1cf4872853c044df421755214ff9d	2023-01-24T02:13:24Z	public	public-safe	pending-confirmation	2026-06-18
hello-gateway-service	2023-hello-gateway-service	https://github.com/aliwatters/hello-gateway-service	1334986d4e07bbf58d76f330d8bd31d11421c88b	2023-01-24T02:13:23Z	public	public-safe	pending-confirmation	2026-06-18
learn-rust	2022-learn-rust	https://github.com/aliwatters/learn-rust	60af1e0327b7fc8d7e8cc07ee38c37c3a1c9bcd4	2022-12-24T20:06:28Z	public	public-safe	pending-confirmation	2026-06-18
docker-php-minimal	2022-docker-php-minimal	https://github.com/aliwatters/docker-php-minimal	f7a5fc52c21cec86dc7eab684ecc4fa328cb936a	2022-06-12T04:43:11Z	public	public-safe	pending-confirmation	2026-06-18
tailwind-css-hello-world	2022-tailwind-css-hello-world	https://github.com/aliwatters/tailwind-css-hello-world	f91bb2d155a7525e0a634a5a7b69e0c91d60bc58	2022-05-30T18:00:28Z	public	public-safe	pending-confirmation	2026-06-18
nextjs-blog	2022-nextjs-blog	https://github.com/aliwatters/nextjs-blog	713f24d066102f09d6e966d1f14394bff4ef1950	2022-05-17T15:02:27Z	public	public-safe	pending-confirmation	2026-06-18
hello-github-actions	2021-hello-github-actions	https://github.com/aliwatters/hello-github-actions	5d6f4e583ff8666df525276eb5d296c7118dc346	2021-01-31T15:10:31Z	public	public-safe	pending-confirmation	2026-06-18
docker-kubernetes-course-frontend	2020-docker-kubernetes-course-frontend	https://github.com/aliwatters/docker-kubernetes-course-frontend	5f21e2042ecd2384a39df43da2eae0aee8ae649f	2020-12-28T19:48:58Z	public	public-safe	pending-confirmation	2026-06-18
eslint-config-aliwatters	2018-eslint-config-aliwatters	https://github.com/aliwatters/eslint-config-aliwatters	b5401e2cf8b113e508f33647212f6a04f6585ba5	2018-09-19T21:35:46Z	public	public-safe	pending-confirmation	2026-06-18
angular-webpack	2016-angular-webpack	https://github.com/aliwatters/angular-webpack	b459b968080cf9dde493626ccdfa3f815261ec08	2016-09-26T00:43:22Z	public	public-safe	pending-confirmation	2026-06-18
angular-tour-of-heroes	2016-angular-tour-of-heroes	https://github.com/aliwatters/angular-tour-of-heroes	6e18a64f8c358b827c597eb6a0db171ab7a75782	2016-09-25T17:38:51Z	public	public-safe	pending-confirmation	2026-06-18
angular2-quickstart	2016-angular2-quickstart	https://github.com/aliwatters/angular2-quickstart	d6143824f9e2d67a892565350951c1f61c3161cd	2016-09-21T04:02:10Z	public	public-safe	pending-confirmation	2026-06-18
nodejs-hapi-reference	2016-nodejs-hapi-reference	https://github.com/aliwatters/nodejs-hapi-reference	94641c15221df0a59225c138bd53420e0c1af7b9	2016-08-14T03:15:18Z	public	public-safe	pending-confirmation	2026-06-18
nodejs-reference-repo	2016-nodejs-reference-repo	https://github.com/aliwatters/nodejs-reference-repo	b8aa2e730e3b7c568e6252c4e98f50916ba324ee	2016-08-13T17:36:18Z	public	public-safe	pending-confirmation	2026-06-18
go-course-02	2016-go-course-02	https://github.com/aliwatters/go-course-02	dfb9248df5b4564353a119ca0dd69cd017a1ce21	2016-07-24T15:06:32Z	public	public-safe	pending-confirmation	2026-06-18
docker-course-02	2016-docker-course-02	https://github.com/aliwatters/docker-course-02	638a314ce843b5f0cf8195aa39413598e8ae3c92	2016-01-04T04:35:37Z	public	public-safe	pending-confirmation	2026-06-18
go-course-01	2015-go-course-01	https://github.com/aliwatters/go-course-01	21d89549ecf8169230925e8f8952e4d8fccdd06a	2015-12-28T02:10:49Z	public	public-safe	pending-confirmation	2026-06-18
angular2-tour-of-heroes	2015-angular2-tour-of-heroes	https://github.com/aliwatters/angular2-tour-of-heroes	666e328b736b54585776eafa8b592aba6bc408fd	2015-12-01T05:22:08Z	public	public-safe	pending-confirmation	2026-06-18
arduino-casino	2015-arduino-casino	https://github.com/aliwatters/arduino-casino	01c6cc0de2a567b4fe2a0fb9d123fb36907fd8c5	2015-11-01T14:59:38Z	public	public-safe	pending-confirmation	2026-06-18
